Category,Percentage of ratings below 5.0,Percentage of ratings between 5.0 and 6.5,Percentage of ratings between 6.5 and 7.5,Percentage of ratings between 7.5 and 8.5,Percentage of ratings above 8.5
Productivity,0.067434211,0.169407895,0.347039474,0.314144737,0.101973684
Health,0.15695744,0.372773921,0.324781165,0.114699668,0.030787806
Technology,0.233438486,0.413699865,0.240198288,0.082018927,0.030644434
Education,0.172215844,0.4489093,0.259471871,0.096440873,0.022962113
Finance,0.215909091,0.329545455,0.227272727,0.204545455,0.022727273
Entertainment,0.399691358,0.37037037,0.162037037,0.055555556,0.012345679